,#cluster,Jaccard,cluster,time (s)
NMF_H,5,1.0,"                                             samples n_samples
0  {s_46, s_144, s_55, s_26, s_194, s_197, s_24, ...        10
1  {s_88, s_0, s_95, s_157, s_165, s_127, s_94, s...        20
2  {s_77, s_168, s_146, s_182, s_176, s_99, s_143...        20
3  {s_16, s_70, s_76, s_80, s_110, s_41, s_172, s...       100
4  {s_86, s_11, s_18, s_39, s_147, s_141, s_112, ...        50",2.582716941833496
NMF_W,4,1.0,"                                             samples n_samples
0  {s_16, s_70, s_76, s_80, s_110, s_41, s_172, s...       100
1  {s_86, s_11, s_18, s_39, s_147, s_141, s_112, ...        50
2  {s_77, s_168, s_146, s_182, s_176, s_99, s_143...        20
3  {s_46, s_144, s_55, s_26, s_194, s_197, s_24, ...        10",1.1727735996246338
MOFA2,5,1.0,"                                             samples n_samples
1  {s_16, s_70, s_76, s_80, s_110, s_41, s_172, s...       100
2  {s_86, s_11, s_18, s_39, s_147, s_141, s_112, ...        50
3  {s_46, s_55, s_26, s_144, s_194, s_197, s_24, ...        10
4  {s_77, s_168, s_146, s_182, s_176, s_99, s_143...        20",33.4662466049194
moCluster,5,0.9736842105263158,"                                             samples n_samples
1  {s_88, s_0, s_95, s_157, s_127, s_165, s_94, s...        20
2  {s_16, s_70, s_76, s_80, s_110, s_41, s_172, s...       100
3  {s_86, s_11, s_18, s_39, s_147, s_141, s_112, ...        50
4  {s_77, s_168, s_146, s_182, s_176, s_99, s_143...        20",2.77550554275513
sparse_PCA,4,0.8317089018843404,"                                             samples n_samples
0  {s_16, s_70, s_76, s_80, s_110, s_41, s_172, s...       100
1                                                 {}         0
2                                                 {}         0
3                {s_127, s_197, s_117, s_103, s_199}         5",72.72224879264832
PCA,4,0.7222222222222222,"                                             samples n_samples
0  {s_86, s_11, s_18, s_39, s_147, s_141, s_112, ...        50
1  {s_77, s_168, s_146, s_182, s_176, s_99, s_143...        20
2  {s_46, s_144, s_55, s_26, s_194, s_197, s_24, ...        10
3  {s_88, s_35, s_0, s_95, s_157, s_165, s_127, s...        22",0.139143705368042
